_id,cultivo,anio,campania,provincia,provincia_id,departamento,departamento_id,superficie_sembrada_ha,superficie_cosechada_ha,produccion_tm,rendimiento_kgxha
1,poroto,1969,1969/1970,Buenos Aires,6,Chacabuco,6210,10,10,12,1200
2,poroto,1969,1969/1970,Buenos Aires,6,Chivilcoy,6224,4,4,4,1000
3,poroto,1969,1969/1970,Buenos Aires,6,General Arenales,6294,1,1,1,1000
4,poroto,1969,1969/1970,Buenos Aires,6,Junín,6413,1,1,1,1000
5,poroto,1969,1969/1970,Buenos Aires,6,Mercedes,6532,64,64,81,1266
6,poroto,1969,1969/1970,Buenos Aires,6,Patagones,6602,10,10,27,2700
7,poroto,1969,1969/1970,Buenos Aires,6,Villarino,6875,20,20,54,2700
8,poroto,1969,1969/1970,Catamarca,10,Ambato,10007,12,12,12,1000
9,poroto,1969,1969/1970,Catamarca,10,Andalgalá,10021,62,60,54,900
10,poroto,1969,1969/1970,Catamarca,10,Belén,10035,67,60,54,900
11,poroto,1969,1969/1970,Catamarca,10,Capayán,10042,5,5,5,1000
12,poroto,1969,1969/1970,Catamarca,10,El Alto,10056,13,13,13,1000
13,poroto,1969,1969/1970,Catamarca,10,Fray Mamerto Esquiú,10063,6,6,6,1000
14,poroto,1969,1969/1970,Catamarca,10,Paclín,10077,18,18,17,944
15,poroto,1969,1969/1970,Catamarca,10,Pomán,10084,9,9,9,1000
16,poroto,1969,1969/1970,Catamarca,10,Santa María,10091,4,4,4,1000
17,poroto,1969,1969/1970,Catamarca,10,Santa Rosa,10098,6,6,6,1000
18,poroto,1969,1969/1970,Catamarca,10,Tinogasta,10105,7,7,7,1000
19,poroto,1969,1969/1970,Chubut,26,Escalante,26021,18,18,11,611
20,poroto,1969,1969/1970,Chubut,26,Gaiman,26042,50,50,34,680
21,poroto,1969,1969/1970,Chubut,26,Rawson,26077,15,15,9,600
22,poroto,1969,1969/1970,Chubut,26,Río Senguer,26084,6,6,3,500
23,poroto,1969,1969/1970,Chubut,26,Sarmiento,26091,26,22,13,591
24,poroto,1969,1969/1970,Córdoba,14,Calamuchita,14007,170,137,27,197
25,poroto,1969,1969/1970,Córdoba,14,Capital,14014,25,13,3,231
26,poroto,1969,1969/1970,Córdoba,14,Cruz del Eje,14028,150,80,16,200
27,poroto,1969,1969/1970,Córdoba,14,Río Primero,14105,255,130,26,200
28,poroto,1969,1969/1970,Córdoba,14,Santa María,14147,9000,4500,928,206
29,poroto,1969,1969/1970,Formosa,34,Formosa,34014,10,5,5,1000
30,poroto,1969,1969/1970,Formosa,34,Laishí,34021,20,15,15,1000
31,poroto,1969,1969/1970,Formosa,34,Patiño,34035,5,0,0,0
32,poroto,1969,1969/1970,Formosa,34,Pilagás,34042,10,5,5,1000
33,poroto,1969,1969/1970,Formosa,34,Pilcomayo,34049,25,15,18,1200
34,poroto,1969,1969/1970,Formosa,34,Pirané,34056,35,25,25,1000
35,poroto,1969,1969/1970,Jujuy,38,El Carmen,38014,500,500,500,1000
36,poroto,1969,1969/1970,Jujuy,38,San Antonio,38056,15,15,15,1000
37,poroto,1969,1969/1970,Jujuy,38,Tilcara,38094,10,10,10,1000
38,poroto,1969,1969/1970,Jujuy,38,Tumbaya,38098,10,10,10,1000
39,poroto,1969,1969/1970,Jujuy,38,Valle Grande,38105,13,13,13,1000
40,poroto,1969,1969/1970,Mendoza,50,General Alvear,50014,40,40,48,1200
41,poroto,1969,1969/1970,Mendoza,50,Junín,50035,8,8,10,1250
42,poroto,1969,1969/1970,Mendoza,50,Luján de Cuyo,50063,15,15,22,1467
43,poroto,1969,1969/1970,Mendoza,50,Maipú,50070,18,18,18,1000
44,poroto,1969,1969/1970,Mendoza,50,Rivadavia,50084,10,10,13,1300
45,poroto,1969,1969/1970,Mendoza,50,San Carlos,50091,12,12,18,1500
46,poroto,1969,1969/1970,Mendoza,50,San Martín,50098,6,6,8,1333
47,poroto,1969,1969/1970,Mendoza,50,San Rafael,50105,160,160,189,1181
48,poroto,1969,1969/1970,Mendoza,50,Tunuyán,50119,25,25,37,1480
49,poroto,1969,1969/1970,Mendoza,50,Tupungato,50126,66,66,97,1470
50,poroto,1969,1969/1970,Misiones,54,25 de Mayo,54119,44,42,40,952
51,poroto,1969,1969/1970,Misiones,54,Apóstoles,54007,85,81,68,840
52,poroto,1969,1969/1970,Misiones,54,Cainguás,54014,95,90,96,1067
53,poroto,1969,1969/1970,Misiones,54,Candelaria,54021,100,95,81,853
54,poroto,1969,1969/1970,Misiones,54,Capital,54028,18,17,15,882
55,poroto,1969,1969/1970,Misiones,54,Concepción,54035,44,42,39,929
56,poroto,1969,1969/1970,Misiones,54,Eldorado,54042,95,90,87,967
57,poroto,1969,1969/1970,Misiones,54,General Manuel Belgrano,54049,75,72,71,986
58,poroto,1969,1969/1970,Misiones,54,Guaraní,54056,30,29,29,1000
59,poroto,1969,1969/1970,Misiones,54,Iguazú,54063,125,119,113,950
60,poroto,1969,1969/1970,Misiones,54,Leandro N. Alem,54070,43,41,39,951
61,poroto,1969,1969/1970,Misiones,54,Libertador General San Martín,54077,120,114,106,930
62,poroto,1969,1969/1970,Misiones,54,Montecarlo,54084,110,105,97,924
63,poroto,1969,1969/1970,Misiones,54,Oberá,54091,190,181,162,895
64,poroto,1969,1969/1970,Misiones,54,San Ignacio,54098,235,225,194,862
65,poroto,1969,1969/1970,Misiones,54,San Javier,54105,66,63,50,794
66,poroto,1969,1969/1970,Misiones,54,San Pedro,54112,15,14,13,929
67,poroto,1969,1969/1970,Neuquén,58,Confluencia,58035,5,3,3,1000
68,poroto,1969,1969/1970,Neuquén,58,Minas,58077,7,7,7,1000
69,poroto,1969,1969/1970,Río Negro,62,General Roca,62042,4,4,5,1250
70,poroto,1969,1969/1970,Salta,66,Anta,66007,1000,1000,1100,1100
71,poroto,1969,1969/1970,Salta,66,Cachi,66014,400,400,600,1500
72,poroto,1969,1969/1970,Salta,66,Capital,66028,40,40,44,1100
73,poroto,1969,1969/1970,Salta,66,Cerrillos,66035,1500,1500,1500,1000
74,poroto,1969,1969/1970,Salta,66,Chicoana,66042,600,600,600,1000
75,poroto,1969,1969/1970,Salta,66,General Güemes,66049,200,200,200,1000
76,poroto,1969,1969/1970,Salta,66,La Caldera,66077,30,30,30,1000
77,poroto,1969,1969/1970,Salta,66,La Candelaria,66084,2000,2000,2000,1000
78,poroto,1969,1969/1970,Salta,66,La Viña,66098,60,60,60,1000
79,poroto,1969,1969/1970,Salta,66,Metán,66112,8000,8000,8000,1000
80,poroto,1969,1969/1970,Salta,66,Rosario de la Frontera,66140,18000,18000,19800,1100
81,poroto,1969,1969/1970,Salta,66,Rosario de Lerma,66147,530,530,766,1445
82,poroto,1969,1969/1970,San Juan,70,Albardón,70007,2,2,3,1500
83,poroto,1969,1969/1970,San Juan,70,Iglesia,70049,38,38,50,1316
84,poroto,1969,1969/1970,San Juan,70,Pocito,70070,6,6,9,1500
85,poroto,1969,1969/1970,San Juan,70,Rawson,70077,31,31,43,1387
86,poroto,1969,1969/1970,San Juan,70,Valle Fértil,70119,3,3,5,1667
87,poroto,1969,1969/1970,San Luis,74,Ayacucho,74007,26,18,15,833
88,poroto,1969,1969/1970,San Luis,74,Chacabuco,74028,15,8,6,750
89,poroto,1969,1969/1970,San Luis,74,Coronel Pringles,74021,10,6,4,667
90,poroto,1969,1969/1970,San Luis,74,General Pedernera,74035,16,10,8,800
91,poroto,1969,1969/1970,San Luis,74,Juan Martín de Pueyrredón,74056,20,14,14,1000
92,poroto,1969,1969/1970,San Luis,74,Junín,74049,8,4,3,750
93,poroto,1969,1969/1970,Tucumán,90,Cruz Alta,90014,100,100,80,800
94,poroto,1969,1969/1970,Tucumán,90,Trancas,90112,900,900,620,689
95,poroto,1970,1970/1971,Buenos Aires,6,Chacabuco,6210,6,6,7,1167
96,poroto,1970,1970/1971,Buenos Aires,6,Chivilcoy,6224,3,3,4,1333
97,poroto,1970,1970/1971,Buenos Aires,6,General Arenales,6294,1,1,1,1000
98,poroto,1970,1970/1971,Buenos Aires,6,Junín,6413,1,1,1,1000
99,poroto,1970,1970/1971,Buenos Aires,6,Mercedes,6532,60,60,72,1200
100,poroto,1970,1970/1971,Buenos Aires,6,Patagones,6602,15,15,45,3000
101,poroto,1970,1970/1971,Buenos Aires,6,Villarino,6875,20,20,60,3000
102,poroto,1970,1970/1971,Catamarca,10,Ambato,10007,9,9,7,778
103,poroto,1970,1970/1971,Catamarca,10,Andalgalá,10021,58,58,41,707
104,poroto,1970,1970/1971,Catamarca,10,Belén,10035,60,60,41,683
105,poroto,1970,1970/1971,Catamarca,10,Capayán,10042,4,4,3,750
106,poroto,1970,1970/1971,Catamarca,10,El Alto,10056,11,11,8,727
107,poroto,1970,1970/1971,Catamarca,10,Fray Mamerto Esquiú,10063,4,4,3,750
108,poroto,1970,1970/1971,Catamarca,10,Paclín,10077,15,15,11,733
109,poroto,1970,1970/1971,Catamarca,10,Pomán,10084,7,7,5,714
110,poroto,1970,1970/1971,Catamarca,10,Santa María,10091,4,4,3,750
111,poroto,1970,1970/1971,Catamarca,10,Santa Rosa,10098,3,3,2,667
112,poroto,1970,1970/1971,Catamarca,10,Tinogasta,10105,5,5,4,800
113,poroto,1970,1970/1971,Córdoba,14,Calamuchita,14007,440,392,372,949
114,poroto,1970,1970/1971,Córdoba,14,Capital,14014,50,38,36,947
115,poroto,1970,1970/1971,Córdoba,14,Cruz del Eje,14028,180,155,140,903
116,poroto,1970,1970/1971,Córdoba,14,Río Primero,14105,500,465,442,951
117,poroto,1970,1970/1971,Córdoba,14,Santa María,14147,12000,11200,10610,947
118,poroto,1970,1970/1971,Formosa,34,Formosa,34014,12,10,10,1000
119,poroto,1970,1970/1971,Formosa,34,Laishí,34021,22,22,30,1364
120,poroto,1970,1970/1971,Formosa,34,Patiño,34035,7,5,5,1000
121,poroto,1970,1970/1971,Formosa,34,Pilagás,34042,16,11,11,1000
122,poroto,1970,1970/1971,Formosa,34,Pilcomayo,34049,33,22,25,1136
123,poroto,1970,1970/1971,Formosa,34,Pirané,34056,40,40,55,1375
124,poroto,1970,1970/1971,Jujuy,38,El Carmen,38014,400,400,320,800
125,poroto,1970,1970/1971,Jujuy,38,San Antonio,38056,9,9,8,889
126,poroto,1970,1970/1971,Jujuy,38,Tilcara,38094,10,10,8,800
127,poroto,1970,1970/1971,Jujuy,38,Tumbaya,38098,10,10,8,800
128,poroto,1970,1970/1971,Jujuy,38,Valle Grande,38105,5,5,4,800
129,poroto,1970,1970/1971,Mendoza,50,General Alvear,50014,30,30,36,1200
130,poroto,1970,1970/1971,Mendoza,50,Junín,50035,5,5,6,1200
131,poroto,1970,1970/1971,Mendoza,50,La Paz,50042,1,1,1,1000
132,poroto,1970,1970/1971,Mendoza,50,Luján de Cuyo,50063,20,20,28,1400
133,poroto,1970,1970/1971,Mendoza,50,Maipú,50070,16,16,16,1000
134,poroto,1970,1970/1971,Mendoza,50,Rivadavia,50084,6,6,7,1167
135,poroto,1970,1970/1971,Mendoza,50,San Carlos,50091,10,10,14,1400
136,poroto,1970,1970/1971,Mendoza,50,San Martín,50098,2,2,2,1000
137,poroto,1970,1970/1971,Mendoza,50,San Rafael,50105,125,125,144,1152
138,poroto,1970,1970/1971,Mendoza,50,Santa Rosa,50112,1,1,1,1000
139,poroto,1970,1970/1971,Mendoza,50,Tunuyán,50119,22,22,31,1409
140,poroto,1970,1970/1971,Mendoza,50,Tupungato,50126,62,62,87,1403
141,poroto,1970,1970/1971,Misiones,54,25 de Mayo,54119,40,40,37,925
142,poroto,1970,1970/1971,Misiones,54,Apóstoles,54007,90,90,87,967
143,poroto,1970,1970/1971,Misiones,54,Cainguás,54014,100,97,100,1031
144,poroto,1970,1970/1971,Misiones,54,Candelaria,54021,110,105,115,1095
145,poroto,1970,1970/1971,Misiones,54,Capital,54028,18,18,16,889
146,poroto,1970,1970/1971,Misiones,54,Concepción,54035,50,50,46,920
147,poroto,1970,1970/1971,Misiones,54,Eldorado,54042,100,96,96,1000
148,poroto,1970,1970/1971,Misiones,54,General Manuel Belgrano,54049,80,80,80,1000
149,poroto,1970,1970/1971,Misiones,54,Guaraní,54056,40,40,38,950
150,poroto,1970,1970/1971,Misiones,54,Iguazú,54063,100,96,96,1000
151,poroto,1970,1970/1971,Misiones,54,Leandro N. Alem,54070,40,40,38,950
152,poroto,1970,1970/1971,Misiones,54,Libertador General San Martín,54077,110,105,105,1000
153,poroto,1970,1970/1971,Misiones,54,Montecarlo,54084,100,100,105,1050
154,poroto,1970,1970/1971,Misiones,54,Oberá,54091,197,192,190,990
155,poroto,1970,1970/1971,Misiones,54,San Ignacio,54098,240,236,236,1000
156,poroto,1970,1970/1971,Misiones,54,San Pedro,54112,15,15,15,1000
157,poroto,1970,1970/1971,Neuquén,58,Confluencia,58035,2,2,3,1500
158,poroto,1970,1970/1971,Neuquén,58,Minas,58077,4,4,4,1000
159,poroto,1970,1970/1971,Río Negro,62,General Roca,62042,2,2,3,1500
160,poroto,1970,1970/1971,Salta,66,Anta,66007,1200,1200,1200,1000
161,poroto,1970,1970/1971,Salta,66,Cachi,66014,400,120,108,900
162,poroto,1970,1970/1971,Salta,66,Cafayate,66021,30,30,27,900
163,poroto,1970,1970/1971,Salta,66,Capital,66028,40,40,36,900
164,poroto,1970,1970/1971,Salta,66,Cerrillos,66035,1500,1300,1170,900
165,poroto,1970,1970/1971,Salta,66,Chicoana,66042,600,540,486,900
166,poroto,1970,1970/1971,Salta,66,General Güemes,66049,250,250,225,900
167,poroto,1970,1970/1971,Salta,66,La Candelaria,66084,2500,1900,1900,1000
168,poroto,1970,1970/1971,Salta,66,La Viña,66098,80,80,72,900
169,poroto,1970,1970/1971,Salta,66,Metán,66112,10000,9500,9025,950
170,poroto,1970,1970/1971,Salta,66,Rosario de la Frontera,66140,30000,29200,29161,999
171,poroto,1970,1970/1971,Salta,66,Rosario de Lerma,66147,550,490,490,1000
172,poroto,1970,1970/1971,San Juan,70,Iglesia,70049,30,30,48,1600
173,poroto,1970,1970/1971,San Juan,70,Pocito,70070,2,2,3,1500
174,poroto,1970,1970/1971,San Juan,70,Rawson,70077,20,20,32,1600
175,poroto,1970,1970/1971,San Juan,70,Santa Lucía,70098,2,2,3,1500
176,poroto,1970,1970/1971,San Juan,70,Valle Fértil,70119,3,3,4,1333
177,poroto,1970,1970/1971,San Luis,74,Ayacucho,74007,20,12,10,833
178,poroto,1970,1970/1971,San Luis,74,Chacabuco,74028,10,6,4,667
179,poroto,1970,1970/1971,San Luis,74,Coronel Pringles,74021,8,5,3,600
180,poroto,1970,1970/1971,San Luis,74,General Pedernera,74035,13,6,5,833
181,poroto,1970,1970/1971,San Luis,74,Juan Martín de Pueyrredón,74056,18,12,10,833
182,poroto,1970,1970/1971,San Luis,74,Junín,74049,6,4,3,750
183,poroto,1970,1970/1971,Tucumán,90,Cruz Alta,90014,100,100,80,800
184,poroto,1970,1970/1971,Tucumán,90,Trancas,90112,900,900,630,700
185,poroto,1971,1971/1972,Buenos Aires,6,Chacabuco,6210,4,4,4,1000
186,poroto,1971,1971/1972,Buenos Aires,6,Junín,6413,1,1,1,1000
187,poroto,1971,1971/1972,Buenos Aires,6,Mercedes,6532,85,85,153,1800
188,poroto,1971,1971/1972,Buenos Aires,6,Patagones,6602,15,15,52,3467
189,poroto,1971,1971/1972,Buenos Aires,6,Villarino,6875,20,20,70,3500
190,poroto,1971,1971/1972,Córdoba,14,Calamuchita,14007,180,180,155,861
191,poroto,1971,1971/1972,Córdoba,14,Capital,14014,30,30,26,867
192,poroto,1971,1971/1972,Córdoba,14,Cruz del Eje,14028,110,110,93,845
193,poroto,1971,1971/1972,Córdoba,14,Río Primero,14105,300,300,246,820
194,poroto,1971,1971/1972,Córdoba,14,Santa María,14147,9380,8880,7480,842
195,poroto,1971,1971/1972,Formosa,34,Formosa,34014,10,10,12,1200
196,poroto,1971,1971/1972,Formosa,34,Laishí,34021,25,25,40,1600
197,poroto,1971,1971/1972,Formosa,34,Patiño,34035,7,7,7,1000
198,poroto,1971,1971/1972,Formosa,34,Pilagás,34042,15,15,20,1333
199,poroto,1971,1971/1972,Formosa,34,Pilcomayo,34049,33,33,50,1515
200,poroto,1971,1971/1972,Formosa,34,Pirané,34056,35,35,49,1400
201,poroto,1971,1971/1972,Jujuy,38,El Carmen,38014,198,198,200,1010
202,poroto,1971,1971/1972,Jujuy,38,San Antonio,38056,10,10,9,900
203,poroto,1971,1971/1972,Jujuy,38,Tilcara,38094,5,5,4,800
204,poroto,1971,1971/1972,Jujuy,38,Tumbaya,38098,5,5,4,800
205,poroto,1971,1971/1972,Jujuy,38,Valle Grande,38105,2,2,1,500
206,poroto,1971,1971/1972,Mendoza,50,General Alvear,50014,25,25,30,1200
207,poroto,1971,1971/1972,Mendoza,50,Junín,50035,4,4,5,1250
208,poroto,1971,1971/1972,Mendoza,50,Luján de Cuyo,50063,18,18,25,1389
209,poroto,1971,1971/1972,Mendoza,50,Maipú,50070,18,18,20,1111
210,poroto,1971,1971/1972,Mendoza,50,Rivadavia,50084,5,5,6,1200
211,poroto,1971,1971/1972,Mendoza,50,San Carlos,50091,7,7,10,1429
212,poroto,1971,1971/1972,Mendoza,50,San Martín,50098,3,3,4,1333
213,poroto,1971,1971/1972,Mendoza,50,San Rafael,50105,110,110,132,1200
214,poroto,1971,1971/1972,Mendoza,50,Tunuyán,50119,20,20,28,1400
215,poroto,1971,1971/1972,Mendoza,50,Tupungato,50126,60,60,90,1500
216,poroto,1971,1971/1972,Misiones,54,25 de Mayo,54119,35,30,21,700
217,poroto,1971,1971/1972,Misiones,54,Apóstoles,54007,80,50,35,700
218,poroto,1971,1971/1972,Misiones,54,Cainguás,54014,90,60,45,750
219,poroto,1971,1971/1972,Misiones,54,Candelaria,54021,80,55,42,764
220,poroto,1971,1971/1972,Misiones,54,Capital,54028,15,10,7,700
221,poroto,1971,1971/1972,Misiones,54,Concepción,54035,40,30,21,700
222,poroto,1971,1971/1972,Misiones,54,Eldorado,54042,80,60,45,750
223,poroto,1971,1971/1972,Misiones,54,General Manuel Belgrano,54049,70,60,48,800
224,poroto,1971,1971/1972,Misiones,54,Guaraní,54056,40,35,26,743
225,poroto,1971,1971/1972,Misiones,54,Iguazú,54063,90,80,60,750
226,poroto,1971,1971/1972,Misiones,54,Leandro N. Alem,54070,30,25,19,760
227,poroto,1971,1971/1972,Misiones,54,Libertador General San Martín,54077,90,70,56,800
228,poroto,1971,1971/1972,Misiones,54,Montecarlo,54084,80,60,45,750
229,poroto,1971,1971/1972,Misiones,54,Oberá,54091,150,120,96,800
230,poroto,1971,1971/1972,Misiones,54,San Ignacio,54098,210,170,136,800
231,poroto,1971,1971/1972,Misiones,54,San Pedro,54112,10,10,8,800
232,poroto,1971,1971/1972,Salta,66,Anta,66007,1980,1980,1800,909
233,poroto,1971,1971/1972,Salta,66,Cachi,66014,400,400,400,1000
234,poroto,1971,1971/1972,Salta,66,Capital,66028,50,50,50,1000
235,poroto,1971,1971/1972,Salta,66,Cerrillos,66035,1500,1500,1350,900
236,poroto,1971,1971/1972,Salta,66,Chicoana,66042,700,700,623,890
237,poroto,1971,1971/1972,Salta,66,General Güemes,66049,300,300,300,1000
238,poroto,1971,1971/1972,Salta,66,La Caldera,66077,50,50,45,900
239,poroto,1971,1971/1972,Salta,66,La Candelaria,66084,3000,3000,2870,957
240,poroto,1971,1971/1972,Salta,66,La Viña,66098,100,100,100,1000
241,poroto,1971,1971/1972,Salta,66,Metán,66112,15000,15000,14350,957
242,poroto,1971,1971/1972,Salta,66,Molinos,66119,20,20,22,1100
243,poroto,1971,1971/1972,Salta,66,Rosario de la Frontera,66140,25000,25000,23950,958
244,poroto,1971,1971/1972,Salta,66,Rosario de Lerma,66147,600,600,540,900
245,poroto,1971,1971/1972,San Juan,70,Albardón,70007,1,1,1,1000
246,poroto,1971,1971/1972,San Juan,70,Angaco,70014,2,2,3,1500
247,poroto,1971,1971/1972,San Juan,70,Chimbas,70042,1,1,1,1000
248,poroto,1971,1971/1972,San Juan,70,Iglesia,70049,38,38,57,1500
249,poroto,1971,1971/1972,San Juan,70,Pocito,70070,4,4,6,1500
250,poroto,1971,1971/1972,San Juan,70,Rawson,70077,23,23,35,1522
251,poroto,1971,1971/1972,San Juan,70,San Martín,70091,1,1,1,1000
252,poroto,1971,1971/1972,San Juan,70,Santa Lucía,70098,4,4,6,1500
253,poroto,1971,1971/1972,San Juan,70,Valle Fértil,70119,3,3,5,1667
254,poroto,1971,1971/1972,San Juan,70,Zonda,70133,3,3,5,1667
255,poroto,1971,1971/1972,San Luis,74,Ayacucho,74007,19,7,5,714
256,poroto,1971,1971/1972,San Luis,74,Chacabuco,74028,6,2,1,500
257,poroto,1971,1971/1972,San Luis,74,Coronel Pringles,74021,6,3,2,667
258,poroto,1971,1971/1972,San Luis,74,General Pedernera,74035,9,4,3,750
259,poroto,1971,1971/1972,San Luis,74,Juan Martín de Pueyrredón,74056,15,6,4,667
260,poroto,1971,1971/1972,San Luis,74,Junín,74049,5,3,2,667
261,poroto,1971,1971/1972,Tucumán,90,Trancas,90112,2150,2150,1650,767
262,poroto,1972,1972/1973,Buenos Aires,6,Chacabuco,6210,3,3,4,1333
263,poroto,1972,1972/1973,Buenos Aires,6,Junín,6413,1,1,1,1000
264,poroto,1972,1972/1973,Buenos Aires,6,Mercedes,6532,70,70,70,1000
265,poroto,1972,1972/1973,Buenos Aires,6,Patagones,6602,20,20,70,3500
266,poroto,1972,1972/1973,Buenos Aires,6,Villarino,6875,30,30,105,3500
267,poroto,1972,1972/1973,Córdoba,14,Calamuchita,14007,230,120,108,900
268,poroto,1972,1972/1973,Córdoba,14,Capital,14014,60,30,27,900
269,poroto,1972,1972/1973,Córdoba,14,Cruz del Eje,14028,180,90,74,822
270,poroto,1972,1972/1973,Córdoba,14,Río Primero,14105,300,150,136,907
271,poroto,1972,1972/1973,Córdoba,14,Santa María,14147,8500,5000,4625,925
272,poroto,1972,1972/1973,Formosa,34,Formosa,34014,8,8,8,1000
273,poroto,1972,1972/1973,Formosa,34,Laishí,34021,20,20,22,1100
274,poroto,1972,1972/1973,Formosa,34,Patiño,34035,2,2,2,1000
275,poroto,1972,1972/1973,Formosa,34,Pilagás,34042,16,16,16,1000
276,poroto,1972,1972/1973,Formosa,34,Pilcomayo,34049,33,33,40,1212
277,poroto,1972,1972/1973,Formosa,34,Pirané,34056,40,40,48,1200
278,poroto,1972,1972/1973,Jujuy,38,El Carmen,38014,400,400,400,1000
279,poroto,1972,1972/1973,Jujuy,38,Tilcara,38094,5,5,5,1000
280,poroto,1972,1972/1973,Jujuy,38,Tumbaya,38098,5,5,4,800
281,poroto,1972,1972/1973,Jujuy,38,Valle Grande,38105,2,2,2,1000
282,poroto,1972,1972/1973,Mendoza,50,General Alvear,50014,30,30,36,1200
283,poroto,1972,1972/1973,Mendoza,50,Junín,50035,5,5,6,1200
284,poroto,1972,1972/1973,Mendoza,50,Luján de Cuyo,50063,20,20,24,1200
285,poroto,1972,1972/1973,Mendoza,50,Maipú,50070,15,15,15,1000
286,poroto,1972,1972/1973,Mendoza,50,Rivadavia,50084,5,5,6,1200
287,poroto,1972,1972/1973,Mendoza,50,San Carlos,50091,15,15,18,1200
288,poroto,1972,1972/1973,Mendoza,50,San Martín,50098,5,5,6,1200
289,poroto,1972,1972/1973,Mendoza,50,San Rafael,50105,130,130,156,1200
290,poroto,1972,1972/1973,Mendoza,50,Tunuyán,50119,20,20,25,1250
291,poroto,1972,1972/1973,Mendoza,50,Tupungato,50126,60,60,78,1300
292,poroto,1972,1972/1973,Misiones,54,25 de Mayo,54119,35,30,24,800
293,poroto,1972,1972/1973,Misiones,54,Apóstoles,54007,80,70,56,800
294,poroto,1972,1972/1973,Misiones,54,Cainguás,54014,100,85,77,906
295,poroto,1972,1972/1973,Misiones,54,Candelaria,54021,90,80,64,800
296,poroto,1972,1972/1973,Misiones,54,Capital,54028,20,15,14,933
297,poroto,1972,1972/1973,Misiones,54,Concepción,54035,40,35,31,886
298,poroto,1972,1972/1973,Misiones,54,Eldorado,54042,90,80,72,900
299,poroto,1972,1972/1973,Misiones,54,General Manuel Belgrano,54049,70,55,53,964
300,poroto,1972,1972/1973,Misiones,54,Guaraní,54056,45,40,32,800
301,poroto,1972,1972/1973,Misiones,54,Iguazú,54063,100,80,72,900
302,poroto,1972,1972/1973,Misiones,54,Leandro N. Alem,54070,35,30,27,900
303,poroto,1972,1972/1973,Misiones,54,Libertador General San Martín,54077,90,70,56,800
304,poroto,1972,1972/1973,Misiones,54,Montecarlo,54084,80,70,63,900
305,poroto,1972,1972/1973,Misiones,54,Oberá,54091,160,130,104,800
306,poroto,1972,1972/1973,Misiones,54,San Ignacio,54098,200,180,144,800
307,poroto,1972,1972/1973,Misiones,54,San Pedro,54112,15,12,11,917
308,poroto,1972,1972/1973,Salta,66,Anta,66007,4000,4000,4400,1100
309,poroto,1972,1972/1973,Salta,66,Cachi,66014,400,400,400,1000
310,poroto,1972,1972/1973,Salta,66,Capital,66028,100,100,110,1100
311,poroto,1972,1972/1973,Salta,66,Cerrillos,66035,2000,2000,2200,1100
312,poroto,1972,1972/1973,Salta,66,Chicoana,66042,680,680,713,1049
313,poroto,1972,1972/1973,Salta,66,General Güemes,66049,400,400,400,1000
314,poroto,1972,1972/1973,Salta,66,La Caldera,66077,50,50,50,1000
315,poroto,1972,1972/1973,Salta,66,La Candelaria,66084,5000,5000,4500,900
316,poroto,1972,1972/1973,Salta,66,La Viña,66098,100,100,100,1000
317,poroto,1972,1972/1973,Salta,66,Metán,66112,25000,25000,22500,900
318,poroto,1972,1972/1973,Salta,66,Molinos,66119,30,30,27,900
319,poroto,1972,1972/1973,Salta,66,Rosario de la Frontera,66140,31000,31000,27900,900
320,poroto,1972,1972/1973,Salta,66,Rosario de Lerma,66147,1000,1000,1000,1000
321,poroto,1972,1972/1973,San Juan,70,Albardón,70007,5,5,7,1400
322,poroto,1972,1972/1973,San Juan,70,Angaco,70014,3,3,4,1333
323,poroto,1972,1972/1973,San Juan,70,Caucete,70035,3,3,4,1333
324,poroto,1972,1972/1973,San Juan,70,Chimbas,70042,5,5,7,1400
325,poroto,1972,1972/1973,San Juan,70,Iglesia,70049,40,40,64,1600
326,poroto,1972,1972/1973,San Juan,70,Pocito,70070,10,10,16,1600
327,poroto,1972,1972/1973,San Juan,70,Rawson,70077,50,50,77,1540
328,poroto,1972,1972/1973,San Juan,70,San Martín,70091,5,5,7,1400
329,poroto,1972,1972/1973,San Juan,70,Santa Lucía,70098,10,10,15,1500
330,poroto,1972,1972/1973,San Juan,70,Valle Fértil,70119,10,10,15,1500
331,poroto,1972,1972/1973,San Juan,70,Zonda,70133,5,5,7,1400
332,poroto,1972,1972/1973,San Luis,74,Ayacucho,74007,20,14,10,714
333,poroto,1972,1972/1973,San Luis,74,Chacabuco,74028,9,6,4,667
334,poroto,1972,1972/1973,San Luis,74,Coronel Pringles,74021,9,6,5,833
335,poroto,1972,1972/1973,San Luis,74,General Pedernera,74035,12,10,8,800
336,poroto,1972,1972/1973,San Luis,74,Juan Martín de Pueyrredón,74056,18,13,10,769
337,poroto,1972,1972/1973,San Luis,74,Junín,74049,8,5,4,800
338,poroto,1972,1972/1973,Tucumán,90,Trancas,90112,1700,1210,1190,983
339,poroto,1973,1973/1974,Buenos Aires,6,General Rodríguez,6364,5,5,4,800
340,poroto,1973,1973/1974,Buenos Aires,6,Luján,6497,5,5,4,800
341,poroto,1973,1973/1974,Buenos Aires,6,Mercedes,6532,20,20,18,900
342,poroto,1973,1973/1974,Buenos Aires,6,Patagones,6602,20,20,30,1500
343,poroto,1973,1973/1974,Buenos Aires,6,Villarino,6875,35,35,54,1543
344,poroto,1973,1973/1974,Catamarca,10,Belén,10035,200,200,160,800
345,poroto,1973,1973/1974,Córdoba,14,Calamuchita,14007,230,230,200,870
346,poroto,1973,1973/1974,Córdoba,14,Capital,14014,60,60,40,667
347,poroto,1973,1973/1974,Córdoba,14,Cruz del Eje,14028,3000,3000,1760,587
348,poroto,1973,1973/1974,Córdoba,14,Río Primero,14105,300,300,200,667
349,poroto,1973,1973/1974,Córdoba,14,Santa María,14147,20000,20000,18000,900
350,poroto,1973,1973/1974,Formosa,34,Formosa,34014,16,16,10,625
351,poroto,1973,1973/1974,Formosa,34,Laishí,34021,20,20,16,800
352,poroto,1973,1973/1974,Formosa,34,Patiño,34035,10,10,8,800
353,poroto,1973,1973/1974,Formosa,34,Pilagás,34042,16,16,8,500
354,poroto,1973,1973/1974,Formosa,34,Pilcomayo,34049,30,30,16,533
355,poroto,1973,1973/1974,Formosa,34,Pirané,34056,58,58,52,897
356,poroto,1973,1973/1974,Jujuy,38,El Carmen,38014,500,500,450,900
357,poroto,1973,1973/1974,Jujuy,38,Tilcara,38094,5,5,5,1000
358,poroto,1973,1973/1974,Jujuy,38,Tumbaya,38098,5,5,6,1200
359,poroto,1973,1973/1974,Jujuy,38,Valle Grande,38105,2,2,2,1000
360,poroto,1973,1973/1974,Mendoza,50,General Alvear,50014,25,25,30,1200
361,poroto,1973,1973/1974,Mendoza,50,Junín,50035,4,4,4,1000
362,poroto,1973,1973/1974,Mendoza,50,Luján de Cuyo,50063,20,20,24,1200
363,poroto,1973,1973/1974,Mendoza,50,Maipú,50070,16,16,16,1000
364,poroto,1973,1973/1974,Mendoza,50,Rivadavia,50084,4,4,4,1000
365,poroto,1973,1973/1974,Mendoza,50,San Carlos,50091,17,17,20,1176
366,poroto,1973,1973/1974,Mendoza,50,San Martín,50098,6,6,6,1000
367,poroto,1973,1973/1974,Mendoza,50,San Rafael,50105,118,118,148,1254
368,poroto,1973,1973/1974,Mendoza,50,Tunuyán,50119,30,30,36,1200
369,poroto,1973,1973/1974,Mendoza,50,Tupungato,50126,60,60,72,1200
370,poroto,1973,1973/1974,Misiones,54,25 de Mayo,54119,30,20,20,1000
371,poroto,1973,1973/1974,Misiones,54,Apóstoles,54007,70,60,54,900
372,poroto,1973,1973/1974,Misiones,54,Cainguás,54014,90,68,64,941
373,poroto,1973,1973/1974,Misiones,54,Candelaria,54021,90,68,61,897
374,poroto,1973,1973/1974,Misiones,54,Capital,54028,20,17,14,824
375,poroto,1973,1973/1974,Misiones,54,Concepción,54035,35,30,24,800
376,poroto,1973,1973/1974,Misiones,54,Eldorado,54042,80,70,63,900
377,poroto,1973,1973/1974,Misiones,54,General Manuel Belgrano,54049,70,60,54,900
378,poroto,1973,1973/1974,Misiones,54,Guaraní,54056,40,35,33,943
379,poroto,1973,1973/1974,Misiones,54,Iguazú,54063,90,75,71,947
380,poroto,1973,1973/1974,Misiones,54,Leandro N. Alem,54070,35,30,27,900
381,poroto,1973,1973/1974,Misiones,54,Libertador General San Martín,54077,70,60,54,900
382,poroto,1973,1973/1974,Misiones,54,Montecarlo,54084,60,45,41,911
383,poroto,1973,1973/1974,Misiones,54,Oberá,54091,140,105,101,962
384,poroto,1973,1973/1974,Misiones,54,San Ignacio,54098,170,130,128,985
385,poroto,1973,1973/1974,Misiones,54,San Pedro,54112,15,12,11,917
386,poroto,1973,1973/1974,Salta,66,Anta,66007,3970,3700,3680,995
387,poroto,1973,1973/1974,Salta,66,Cachi,66014,400,400,400,1000
388,poroto,1973,1973/1974,Salta,66,Capital,66028,150,150,150,1000
389,poroto,1973,1973/1974,Salta,66,Cerrillos,66035,2500,2500,2415,966
390,poroto,1973,1973/1974,Salta,66,Chicoana,66042,700,700,700,1000
391,poroto,1973,1973/1974,Salta,66,General Güemes,66049,1000,900,880,978
392,poroto,1973,1973/1974,Salta,66,La Caldera,66077,100,100,100,1000
393,poroto,1973,1973/1974,Salta,66,La Candelaria,66084,8000,8000,8720,1090
394,poroto,1973,1973/1974,Salta,66,La Viña,66098,150,150,150,1000
395,poroto,1973,1973/1974,Salta,66,Metán,66112,22050,22050,25695,1165
396,poroto,1973,1973/1974,Salta,66,Molinos,66119,50,40,40,1000
397,poroto,1973,1973/1974,Salta,66,Orán,66126,400,400,400,1000
398,poroto,1973,1973/1974,Salta,66,Rosario de la Frontera,66140,38000,38000,44210,1163
399,poroto,1973,1973/1974,Salta,66,Rosario de Lerma,66147,960,960,960,1000
400,poroto,1973,1973/1974,San Juan,70,Angaco,70014,2,2,3,1500
401,poroto,1973,1973/1974,San Juan,70,Caucete,70035,2,2,3,1500
402,poroto,1973,1973/1974,San Juan,70,Iglesia,70049,41,41,63,1537
403,poroto,1973,1973/1974,San Juan,70,Pocito,70070,10,10,16,1600
404,poroto,1973,1973/1974,San Juan,70,Rawson,70077,40,40,67,1675
405,poroto,1973,1973/1974,San Juan,70,Valle Fértil,70119,5,5,8,1600
406,poroto,1973,1973/1974,San Luis,74,Ayacucho,74007,20,15,12,800
407,poroto,1973,1973/1974,San Luis,74,Belgrano,74014,2,0,0,0
408,poroto,1973,1973/1974,San Luis,74,Chacabuco,74028,11,6,4,667
409,poroto,1973,1973/1974,San Luis,74,Coronel Pringles,74021,12,7,5,714
410,poroto,1973,1973/1974,San Luis,74,General Pedernera,74035,15,10,8,800
411,poroto,1973,1973/1974,San Luis,74,Juan Martín de Pueyrredón,74056,19,15,12,800
412,poroto,1973,1973/1974,San Luis,74,Junín,74049,10,7,6,857
413,poroto,1973,1973/1974,San Luis,74,Libertador General San Martín,74063,1,0,0,0
414,poroto,1973,1973/1974,Santiago del Estero,86,Copo,86056,100,0,0,0
415,poroto,1973,1973/1974,Santiago del Estero,86,Pellegrini,86133,700,200,340,1700
416,poroto,1973,1973/1974,Tucumán,90,Burruyacú,90007,50,50,59,1180
417,poroto,1973,1973/1974,Tucumán,90,Cruz Alta,90014,140,140,153,1093
418,poroto,1973,1973/1974,Tucumán,90,Graneros,90035,1400,1260,1301,1033
419,poroto,1973,1973/1974,Tucumán,90,Río Chico,90077,300,270,267,989
420,poroto,1973,1973/1974,Tucumán,90,Trancas,90112,2000,2000,2100,1050
421,poroto,1974,1974/1975,Buenos Aires,6,General Rodríguez,6364,5,5,3,600
422,poroto,1974,1974/1975,Buenos Aires,6,Luján,6497,5,5,3,600
423,poroto,1974,1974/1975,Buenos Aires,6,Mercedes,6532,100,100,84,840
424,poroto,1974,1974/1975,Córdoba,14,Calamuchita,14007,250,250,240,960
425,poroto,1974,1974/1975,Córdoba,14,Capital,14014,70,70,60,857
426,poroto,1974,1974/1975,Córdoba,14,Cruz del Eje,14028,3200,3000,2800,933
427,poroto,1974,1974/1975,Córdoba,14,Río Primero,14105,480,480,500,1042
428,poroto,1974,1974/1975,Córdoba,14,Santa María,14147,21000,20000,19000,950
429,poroto,1974,1974/1975,Formosa,34,Formosa,34014,16,16,11,688
430,poroto,1974,1974/1975,Formosa,34,Laishí,34021,10,10,8,800
431,poroto,1974,1974/1975,Formosa,34,Patiño,34035,10,10,9,900
432,poroto,1974,1974/1975,Formosa,34,Pilagás,34042,20,20,15,750
433,poroto,1974,1974/1975,Formosa,34,Pilcomayo,34049,34,34,27,794
434,poroto,1974,1974/1975,Formosa,34,Pirané,34056,50,50,40,800
435,poroto,1974,1974/1975,Jujuy,38,El Carmen,38014,700,700,635,907
436,poroto,1974,1974/1975,Mendoza,50,General Alvear,50014,21,21,19,905
437,poroto,1974,1974/1975,Mendoza,50,Junín,50035,3,3,3,1000
438,poroto,1974,1974/1975,Mendoza,50,Luján de Cuyo,50063,22,22,24,1091
439,poroto,1974,1974/1975,Mendoza,50,Maipú,50070,16,16,19,1188
440,poroto,1974,1974/1975,Mendoza,50,Rivadavia,50084,5,5,5,1000
441,poroto,1974,1974/1975,Mendoza,50,San Carlos,50091,19,19,21,1105
442,poroto,1974,1974/1975,Mendoza,50,San Martín,50098,8,8,7,875
443,poroto,1974,1974/1975,Mendoza,50,San Rafael,50105,118,118,110,932
444,poroto,1974,1974/1975,Mendoza,50,Tunuyán,50119,29,29,32,1103
445,poroto,1974,1974/1975,Mendoza,50,Tupungato,50126,59,59,60,1017
446,poroto,1974,1974/1975,Misiones,54,25 de Mayo,54119,300,300,252,840
447,poroto,1974,1974/1975,Misiones,54,Cainguás,54014,300,300,360,1200
448,poroto,1974,1974/1975,Misiones,54,Candelaria,54021,76,76,98,1289
449,poroto,1974,1974/1975,Misiones,54,Concepción,54035,6,6,6,1000
450,poroto,1974,1974/1975,Misiones,54,General Manuel Belgrano,54049,245,245,230,939
451,poroto,1974,1974/1975,Misiones,54,Guaraní,54056,1063,863,1030,1194
452,poroto,1974,1974/1975,Misiones,54,Leandro N. Alem,54070,60,60,70,1167
453,poroto,1974,1974/1975,Misiones,54,San Ignacio,54098,100,100,100,1000
454,poroto,1974,1974/1975,Misiones,54,San Javier,54105,50,50,54,1080
455,poroto,1974,1974/1975,Misiones,54,San Pedro,54112,100,100,100,1000
456,poroto,1974,1974/1975,Salta,66,Anta,66007,7000,7000,6300,900
457,poroto,1974,1974/1975,Salta,66,Cachi,66014,400,400,400,1000
458,poroto,1974,1974/1975,Salta,66,Capital,66028,200,200,200,1000
459,poroto,1974,1974/1975,Salta,66,Cerrillos,66035,4400,4400,3440,782
460,poroto,1974,1974/1975,Salta,66,Chicoana,66042,800,800,720,900
461,poroto,1974,1974/1975,Salta,66,General Güemes,66049,1450,1450,1300,897
462,poroto,1974,1974/1975,Salta,66,General José de San Martín,66056,1000,1000,1000,1000
463,poroto,1974,1974/1975,Salta,66,La Caldera,66077,100,100,80,800
464,poroto,1974,1974/1975,Salta,66,La Candelaria,66084,11000,8000,5480,685
465,poroto,1974,1974/1975,Salta,66,La Viña,66098,200,200,180,900
466,poroto,1974,1974/1975,Salta,66,Metán,66112,29000,28000,20780,742
467,poroto,1974,1974/1975,Salta,66,Molinos,66119,50,50,50,1000
468,poroto,1974,1974/1975,Salta,66,Orán,66126,1000,1000,900,900
469,poroto,1974,1974/1975,Salta,66,Rosario de la Frontera,66140,48500,44500,27270,613
470,poroto,1974,1974/1975,Salta,66,Rosario de Lerma,66147,1500,1500,1200,800
471,poroto,1974,1974/1975,San Juan,70,25 de Mayo,70126,14,14,15,1071
472,poroto,1974,1974/1975,San Juan,70,Albardón,70007,10,10,14,1400
473,poroto,1974,1974/1975,San Juan,70,Angaco,70014,2,2,3,1500
474,poroto,1974,1974/1975,San Juan,70,Caucete,70035,2,2,3,1500
475,poroto,1974,1974/1975,San Juan,70,Chimbas,70042,5,5,7,1400
476,poroto,1974,1974/1975,San Juan,70,Iglesia,70049,40,40,60,1500
477,poroto,1974,1974/1975,San Juan,70,Pocito,70070,15,15,23,1533
478,poroto,1974,1974/1975,San Juan,70,Rawson,70077,50,50,80,1600
479,poroto,1974,1974/1975,San Juan,70,Rivadavia,70084,2,2,3,1500
480,poroto,1974,1974/1975,San Juan,70,San Martín,70091,2,2,3,1500
481,poroto,1974,1974/1975,San Juan,70,Sarmiento,70105,5,5,8,1600
482,poroto,1974,1974/1975,San Juan,70,Ullum,70112,5,5,8,1600
483,poroto,1974,1974/1975,San Juan,70,Valle Fértil,70119,5,5,8,1600
484,poroto,1974,1974/1975,San Juan,70,Zonda,70133,3,3,5,1667
485,poroto,1974,1974/1975,San Luis,74,Ayacucho,74007,22,12,7,583
486,poroto,1974,1974/1975,San Luis,74,Belgrano,74014,2,0,0,0
487,poroto,1974,1974/1975,San Luis,74,Chacabuco,74028,9,4,2,500
488,poroto,1974,1974/1975,San Luis,74,Coronel Pringles,74021,10,5,3,600
489,poroto,1974,1974/1975,San Luis,74,General Pedernera,74035,14,8,4,500
490,poroto,1974,1974/1975,San Luis,74,Juan Martín de Pueyrredón,74056,19,13,9,692
491,poroto,1974,1974/1975,San Luis,74,Junín,74049,13,8,5,625
492,poroto,1974,1974/1975,San Luis,74,Libertador General San Martín,74063,1,0,0,0
493,poroto,1974,1974/1975,Santiago del Estero,86,Copo,86056,100,90,100,1111
494,poroto,1974,1974/1975,Santiago del Estero,86,Pellegrini,86133,1100,910,1080,1187
495,poroto,1974,1974/1975,Tucumán,90,Burruyacú,90007,7000,7000,8400,1200
496,poroto,1974,1974/1975,Tucumán,90,Cruz Alta,90014,350,350,455,1300
497,poroto,1974,1974/1975,Tucumán,90,Graneros,90035,3500,1750,1749,999
498,poroto,1974,1974/1975,Tucumán,90,Leales,90056,300,300,300,1000
499,poroto,1974,1974/1975,Tucumán,90,Río Chico,90077,180,90,90,1000
500,poroto,1974,1974/1975,Tucumán,90,Trancas,90112,2700,760,756,995
501,poroto,1975,1975/1976,Buenos Aires,6,General Rodríguez,6364,5,5,3,600
502,poroto,1975,1975/1976,Buenos Aires,6,Luján,6497,5,5,3,600
503,poroto,1975,1975/1976,Buenos Aires,6,Mercedes,6532,100,100,80,800
504,poroto,1975,1975/1976,Catamarca,10,Ambato,10007,30,30,28,933
505,poroto,1975,1975/1976,Catamarca,10,Belén,10035,250,250,200,800
506,poroto,1975,1975/1976,Catamarca,10,El Alto,10056,30,30,24,800
507,poroto,1975,1975/1976,Catamarca,10,Santa Rosa,10098,60,60,48,800
508,poroto,1975,1975/1976,Córdoba,14,Calamuchita,14007,140,140,133,950
509,poroto,1975,1975/1976,Córdoba,14,Capital,14014,50,50,42,840
510,poroto,1975,1975/1976,Córdoba,14,Cruz del Eje,14028,2200,600,300,500
511,poroto,1975,1975/1976,Córdoba,14,Río Primero,14105,260,260,260,1000
512,poroto,1975,1975/1976,Córdoba,14,Santa María,14147,10110,9950,6965,700
513,poroto,1975,1975/1976,Formosa,34,Formosa,34014,10,10,10,1000
514,poroto,1975,1975/1976,Formosa,34,Laishí,34021,15,15,15,1000
515,poroto,1975,1975/1976,Formosa,34,Patiño,34035,10,10,8,800
516,poroto,1975,1975/1976,Formosa,34,Pilagás,34042,23,23,16,696
517,poroto,1975,1975/1976,Formosa,34,Pilcomayo,34049,45,45,33,733
518,poroto,1975,1975/1976,Formosa,34,Pirané,34056,20,20,18,900
519,poroto,1975,1975/1976,Jujuy,38,El Carmen,38014,300,300,315,1050
520,poroto,1975,1975/1976,Jujuy,38,San Pedro,38063,200,200,240,1200
521,poroto,1975,1975/1976,Mendoza,50,General Alvear,50014,20,20,20,1000
522,poroto,1975,1975/1976,Mendoza,50,Junín,50035,2,2,2,1000
523,poroto,1975,1975/1976,Mendoza,50,Luján de Cuyo,50063,20,20,26,1300
524,poroto,1975,1975/1976,Mendoza,50,Maipú,50070,16,16,20,1250
525,poroto,1975,1975/1976,Mendoza,50,Rivadavia,50084,4,4,4,1000
526,poroto,1975,1975/1976,Mendoza,50,San Carlos,50091,15,15,18,1200
527,poroto,1975,1975/1976,Mendoza,50,San Martín,50098,8,8,8,1000
528,poroto,1975,1975/1976,Mendoza,50,San Rafael,50105,113,113,118,1044
529,poroto,1975,1975/1976,Mendoza,50,Tunuyán,50119,27,27,35,1296
530,poroto,1975,1975/1976,Mendoza,50,Tupungato,50126,55,55,69,1255
531,poroto,1975,1975/1976,Misiones,54,25 de Mayo,54119,220,215,215,1000
532,poroto,1975,1975/1976,Misiones,54,Apóstoles,54007,50,47,42,894
533,poroto,1975,1975/1976,Misiones,54,Cainguás,54014,150,140,140,1000
534,poroto,1975,1975/1976,Misiones,54,Candelaria,54021,50,48,43,896
535,poroto,1975,1975/1976,Misiones,54,Capital,54028,30,29,26,897
536,poroto,1975,1975/1976,Misiones,54,Concepción,54035,40,38,36,947
537,poroto,1975,1975/1976,Misiones,54,Eldorado,54042,75,72,72,1000
538,poroto,1975,1975/1976,Misiones,54,General Manuel Belgrano,54049,170,165,165,1000
539,poroto,1975,1975/1976,Misiones,54,Guaraní,54056,750,730,730,1000
540,poroto,1975,1975/1976,Misiones,54,Iguazú,54063,90,85,85,1000
541,poroto,1975,1975/1976,Misiones,54,Leandro N. Alem,54070,80,75,68,907
542,poroto,1975,1975/1976,Misiones,54,Libertador General San Martín,54077,60,57,51,895
543,poroto,1975,1975/1976,Misiones,54,Montecarlo,54084,70,68,61,897
544,poroto,1975,1975/1976,Misiones,54,Oberá,54091,130,125,113,904
545,poroto,1975,1975/1976,Misiones,54,San Ignacio,54098,150,145,131,903
546,poroto,1975,1975/1976,Misiones,54,San Javier,54105,60,58,52,897
547,poroto,1975,1975/1976,Misiones,54,San Pedro,54112,80,78,70,897
548,poroto,1975,1975/1976,Salta,66,Anta,66007,6700,6700,7440,1110
549,poroto,1975,1975/1976,Salta,66,Capital,66028,250,250,375,1500
550,poroto,1975,1975/1976,Salta,66,Cerrillos,66035,8125,8125,12999,1600
551,poroto,1975,1975/1976,Salta,66,Chicoana,66042,1500,1500,2200,1467
552,poroto,1975,1975/1976,Salta,66,General Güemes,66049,1450,1450,1465,1010
553,poroto,1975,1975/1976,Salta,66,General José de San Martín,66056,5500,5500,6600,1200
554,poroto,1975,1975/1976,Salta,66,Guachipas,66063,40,40,57,1425
555,poroto,1975,1975/1976,Salta,66,La Candelaria,66084,8800,8800,9760,1109
556,poroto,1975,1975/1976,Salta,66,La Viña,66098,710,710,950,1338
557,poroto,1975,1975/1976,Salta,66,Metán,66112,28450,28450,31165,1095
558,poroto,1975,1975/1976,Salta,66,Molinos,66119,70,70,80,1143
559,poroto,1975,1975/1976,Salta,66,Orán,66126,1500,1500,1800,1200
560,poroto,1975,1975/1976,Salta,66,Rosario de la Frontera,66140,48145,48145,53109,1103
561,poroto,1975,1975/1976,Salta,66,Rosario de Lerma,66147,2500,2500,4000,1600
562,poroto,1975,1975/1976,San Juan,70,25 de Mayo,70126,5,5,8,1600
563,poroto,1975,1975/1976,San Juan,70,Albardón,70007,5,5,7,1400
564,poroto,1975,1975/1976,San Juan,70,Caucete,70035,2,2,3,1500
565,poroto,1975,1975/1976,San Juan,70,Chimbas,70042,5,5,7,1400
566,poroto,1975,1975/1976,San Juan,70,Iglesia,70049,40,40,62,1550
567,poroto,1975,1975/1976,San Juan,70,Pocito,70070,15,15,24,1600
568,poroto,1975,1975/1976,San Juan,70,Rawson,70077,50,50,83,1660
569,poroto,1975,1975/1976,San Juan,70,San Martín,70091,2,2,3,1500
570,poroto,1975,1975/1976,San Juan,70,Valle Fértil,70119,5,5,8,1600
571,poroto,1975,1975/1976,San Juan,70,Zonda,70133,3,3,5,1667
572,poroto,1975,1975/1976,San Luis,74,Ayacucho,74007,16,8,6,750
573,poroto,1975,1975/1976,San Luis,74,Belgrano,74014,2,0,0,0
574,poroto,1975,1975/1976,San Luis,74,Chacabuco,74028,6,3,2,667
575,poroto,1975,1975/1976,San Luis,74,Coronel Pringles,74021,7,4,2,500
576,poroto,1975,1975/1976,San Luis,74,General Pedernera,74035,10,5,3,600
577,poroto,1975,1975/1976,San Luis,74,Juan Martín de Pueyrredón,74056,9,6,4,667
578,poroto,1975,1975/1976,San Luis,74,Junín,74049,7,4,2,500
579,poroto,1975,1975/1976,San Luis,74,Libertador General San Martín,74063,1,0,0,0
580,poroto,1975,1975/1976,Santiago del Estero,86,Copo,86056,200,143,291,2035
581,poroto,1975,1975/1976,Santiago del Estero,86,Jiménez,86091,600,455,875,1923
582,poroto,1975,1975/1976,Santiago del Estero,86,Pellegrini,86133,6000,4330,9534,2202
583,poroto,1975,1975/1976,Tucumán,90,Burruyacú,90007,6300,6300,7600,1206
584,poroto,1975,1975/1976,Tucumán,90,Cruz Alta,90014,750,750,975,1300
585,poroto,1975,1975/1976,Tucumán,90,Graneros,90035,3000,3000,3576,1192
586,poroto,1975,1975/1976,Tucumán,90,Leales,90056,372,372,409,1099
587,poroto,1975,1975/1976,Tucumán,90,Río Chico,90077,250,250,298,1192
588,poroto,1975,1975/1976,Tucumán,90,Trancas,90112,2800,2800,3442,1229
589,poroto,1976,1976/1977,Buenos Aires,6,General Rodríguez,6364,10,10,8,800
590,poroto,1976,1976/1977,Buenos Aires,6,Luján,6497,10,10,8,800
591,poroto,1976,1976/1977,Buenos Aires,6,Mercedes,6532,100,100,84,840
592,poroto,1976,1976/1977,Catamarca,10,Ambato,10007,50,50,50,1000
593,poroto,1976,1976/1977,Catamarca,10,Belén,10035,260,260,269,1035
594,poroto,1976,1976/1977,Catamarca,10,El Alto,10056,30,30,27,900
595,poroto,1976,1976/1977,Catamarca,10,Santa Rosa,10098,60,60,54,900
596,poroto,1976,1976/1977,Córdoba,14,Calamuchita,14007,100,100,90,900
597,poroto,1976,1976/1977,Córdoba,14,Capital,14014,30,30,30,1000
598,poroto,1976,1976/1977,Córdoba,14,Cruz del Eje,14028,1460,1460,1410,966
599,poroto,1976,1976/1977,Córdoba,14,Río Primero,14105,220,220,220,1000
600,poroto,1976,1976/1977,Córdoba,14,Santa María,14147,6890,6890,5250,762
601,poroto,1976,1976/1977,Formosa,34,Formosa,34014,10,10,10,1000
602,poroto,1976,1976/1977,Formosa,34,Laishí,34021,20,20,20,1000
603,poroto,1976,1976/1977,Formosa,34,Patiño,34035,15,15,12,800
604,poroto,1976,1976/1977,Formosa,34,Pilagás,34042,30,30,27,900
605,poroto,1976,1976/1977,Formosa,34,Pilcomayo,34049,55,55,53,964
606,poroto,1976,1976/1977,Formosa,34,Pirané,34056,20,20,18,900
607,poroto,1976,1976/1977,Jujuy,38,El Carmen,38014,590,590,828,1403
608,poroto,1976,1976/1977,Jujuy,38,San Pedro,38063,650,650,910,1400
609,poroto,1976,1976/1977,Jujuy,38,Santa Bárbara,38070,400,400,560,1400
610,poroto,1976,1976/1977,Mendoza,50,General Alvear,50014,15,15,13,867
611,poroto,1976,1976/1977,Mendoza,50,Junín,50035,1,1,1,1000
612,poroto,1976,1976/1977,Mendoza,50,Luján de Cuyo,50063,15,15,18,1200
613,poroto,1976,1976/1977,Mendoza,50,Maipú,50070,10,10,12,1200
614,poroto,1976,1976/1977,Mendoza,50,Rivadavia,50084,2,2,2,1000
615,poroto,1976,1976/1977,Mendoza,50,San Carlos,50091,12,12,12,1000
616,poroto,1976,1976/1977,Mendoza,50,San Martín,50098,5,5,5,1000
617,poroto,1976,1976/1977,Mendoza,50,San Rafael,50105,100,100,90,900
618,poroto,1976,1976/1977,Mendoza,50,Tunuyán,50119,20,20,22,1100
619,poroto,1976,1976/1977,Mendoza,50,Tupungato,50126,50,50,55,1100
620,poroto,1976,1976/1977,Misiones,54,25 de Mayo,54119,230,220,215,977
621,poroto,1976,1976/1977,Misiones,54,Apóstoles,54007,55,50,45,900
622,poroto,1976,1976/1977,Misiones,54,Cainguás,54014,140,130,128,985
623,poroto,1976,1976/1977,Misiones,54,Candelaria,54021,60,55,50,909
624,poroto,1976,1976/1977,Misiones,54,Capital,54028,35,33,28,848
625,poroto,1976,1976/1977,Misiones,54,Concepción,54035,35,32,28,875
626,poroto,1976,1976/1977,Misiones,54,Eldorado,54042,85,80,80,1000
627,poroto,1976,1976/1977,Misiones,54,General Manuel Belgrano,54049,180,175,170,971
628,poroto,1976,1976/1977,Misiones,54,Guaraní,54056,735,718,640,891
629,poroto,1976,1976/1977,Misiones,54,Iguazú,54063,95,90,90,1000
630,poroto,1976,1976/1977,Misiones,54,Leandro N. Alem,54070,70,65,59,908
631,poroto,1976,1976/1977,Misiones,54,Libertador General San Martín,54077,55,52,47,904
632,poroto,1976,1976/1977,Misiones,54,Montecarlo,54084,65,60,54,900
633,poroto,1976,1976/1977,Misiones,54,Oberá,54091,120,115,115,1000
634,poroto,1976,1976/1977,Misiones,54,San Ignacio,54098,140,135,111,822
635,poroto,1976,1976/1977,Misiones,54,San Javier,54105,70,70,55,786
636,poroto,1976,1976/1977,Misiones,54,San Pedro,54112,90,90,85,944
637,poroto,1976,1976/1977,Salta,66,Anta,66007,19000,19000,26000,1368
638,poroto,1976,1976/1977,Salta,66,Cachi,66014,130,130,175,1346
639,poroto,1976,1976/1977,Salta,66,Capital,66028,250,250,350,1400
640,poroto,1976,1976/1977,Salta,66,Cerrillos,66035,8000,7850,9450,1204
641,poroto,1976,1976/1977,Salta,66,Chicoana,66042,1700,1700,2000,1176
642,poroto,1976,1976/1977,Salta,66,General Güemes,66049,1000,1000,1200,1200
643,poroto,1976,1976/1977,Salta,66,General José de San Martín,66056,6000,6000,7800,1300
644,poroto,1976,1976/1977,Salta,66,Guachipas,66063,40,40,50,1250
645,poroto,1976,1976/1977,Salta,66,La Candelaria,66084,10000,10000,11500,1150
646,poroto,1976,1976/1977,Salta,66,La Viña,66098,800,800,950,1188
647,poroto,1976,1976/1977,Salta,66,Metán,66112,44500,40700,25700,631
648,poroto,1976,1976/1977,Salta,66,Molinos,66119,80,80,95,1188
649,poroto,1976,1976/1977,Salta,66,Orán,66126,3000,3000,4000,1333
650,poroto,1976,1976/1977,Salta,66,Rosario de la Frontera,66140,55000,45500,33230,730
651,poroto,1976,1976/1977,Salta,66,Rosario de Lerma,66147,2000,1950,2500,1282
652,poroto,1976,1976/1977,San Juan,70,25 de Mayo,70126,5,5,8,1600
653,poroto,1976,1976/1977,San Juan,70,Albardón,70007,3,3,4,1333
654,poroto,1976,1976/1977,San Juan,70,Caucete,70035,2,2,3,1500
655,poroto,1976,1976/1977,San Juan,70,Chimbas,70042,5,5,7,1400
656,poroto,1976,1976/1977,San Juan,70,Iglesia,70049,40,40,60,1500
657,poroto,1976,1976/1977,San Juan,70,Pocito,70070,15,15,24,1600
658,poroto,1976,1976/1977,San Juan,70,Rawson,70077,62,62,102,1645
659,poroto,1976,1976/1977,San Juan,70,Valle Fértil,70119,5,5,8,1600
660,poroto,1976,1976/1977,San Juan,70,Zonda,70133,3,3,4,1333
661,poroto,1976,1976/1977,San Luis,74,Ayacucho,74007,7,4,2,500
662,poroto,1976,1976/1977,San Luis,74,Chacabuco,74028,3,3,2,667
663,poroto,1976,1976/1977,San Luis,74,Coronel Pringles,74021,4,3,1,333
664,poroto,1976,1976/1977,San Luis,74,General Pedernera,74035,6,4,2,500
665,poroto,1976,1976/1977,San Luis,74,Juan Martín de Pueyrredón,74056,5,3,2,667
666,poroto,1976,1976/1977,San Luis,74,Junín,74049,5,3,1,333
667,poroto,1976,1976/1977,Santiago del Estero,86,Copo,86056,300,300,270,900
668,poroto,1976,1976/1977,Santiago del Estero,86,Jiménez,86091,700,700,630,900
669,poroto,1976,1976/1977,Santiago del Estero,86,Pellegrini,86133,8000,8000,7500,938
670,poroto,1976,1976/1977,Tucumán,90,Burruyacú,90007,5290,5020,4258,848
671,poroto,1976,1976/1977,Tucumán,90,Cruz Alta,90014,670,620,560,903
672,poroto,1976,1976/1977,Tucumán,90,Graneros,90035,1990,1990,1791,900
673,poroto,1976,1976/1977,Tucumán,90,Leales,90056,280,200,183,915
674,poroto,1976,1976/1977,Tucumán,90,Río Chico,90077,200,200,180,900
675,poroto,1976,1976/1977,Tucumán,90,Trancas,90112,2250,2250,2028,901
676,poroto,1977,1977/1978,Buenos Aires,6,General Rodríguez,6364,10,7,5,714
677,poroto,1977,1977/1978,Buenos Aires,6,Luján,6497,10,7,5,714
678,poroto,1977,1977/1978,Buenos Aires,6,Mercedes,6532,100,66,50,758
679,poroto,1977,1977/1978,Catamarca,10,Ambato,10007,50,50,60,1200
680,poroto,1977,1977/1978,Catamarca,10,Belén,10035,240,240,280,1167
681,poroto,1977,1977/1978,Catamarca,10,Capayán,10042,50,50,60,1200
682,poroto,1977,1977/1978,Catamarca,10,El Alto,10056,30,30,30,1000
683,poroto,1977,1977/1978,Catamarca,10,Santa Rosa,10098,70,70,70,1000
684,poroto,1977,1977/1978,Córdoba,14,Calamuchita,14007,30,9,6,667
685,poroto,1977,1977/1978,Córdoba,14,Capital,14014,20,8,6,750
686,poroto,1977,1977/1978,Córdoba,14,Cruz del Eje,14028,1600,1400,1377,984
687,poroto,1977,1977/1978,Córdoba,14,Presidente Roque Sáenz Peña,14084,9200,3068,2300,750
688,poroto,1977,1977/1978,Córdoba,14,Río Primero,14105,150,15,11,733
689,poroto,1977,1977/1978,Formosa,34,Formosa,34014,10,10,9,900
690,poroto,1977,1977/1978,Formosa,34,Laishí,34021,30,30,27,900
691,poroto,1977,1977/1978,Formosa,34,Patiño,34035,50,35,28,800
692,poroto,1977,1977/1978,Formosa,34,Pilagás,34042,40,25,20,800
693,poroto,1977,1977/1978,Formosa,34,Pilcomayo,34049,60,60,48,800
694,poroto,1977,1977/1978,Formosa,34,Pirané,34056,30,20,18,900
695,poroto,1977,1977/1978,Jujuy,38,El Carmen,38014,800,800,746,933
696,poroto,1977,1977/1978,Jujuy,38,Ledesma,38035,140,140,114,814
697,poroto,1977,1977/1978,Jujuy,38,San Pedro,38063,860,860,890,1035
698,poroto,1977,1977/1978,Jujuy,38,Santa Bárbara,38070,930,930,970,1043
699,poroto,1977,1977/1978,Mendoza,50,General Alvear,50014,20,20,14,700
700,poroto,1977,1977/1978,Mendoza,50,Junín,50035,1,1,1,1000
701,poroto,1977,1977/1978,Mendoza,50,Luján de Cuyo,50063,14,14,14,1000
702,poroto,1977,1977/1978,Mendoza,50,Maipú,50070,8,8,8,1000
703,poroto,1977,1977/1978,Mendoza,50,Rivadavia,50084,1,1,1,1000
704,poroto,1977,1977/1978,Mendoza,50,San Carlos,50091,10,10,10,1000
705,poroto,1977,1977/1978,Mendoza,50,San Martín,50098,6,6,6,1000
706,poroto,1977,1977/1978,Mendoza,50,San Rafael,50105,70,70,55,786
707,poroto,1977,1977/1978,Mendoza,50,Tunuyán,50119,15,15,15,1000
708,poroto,1977,1977/1978,Mendoza,50,Tupungato,50126,45,45,36,800
709,poroto,1977,1977/1978,Misiones,54,25 de Mayo,54119,330,250,112,448
710,poroto,1977,1977/1978,Misiones,54,Apóstoles,54007,40,32,13,406
711,poroto,1977,1977/1978,Misiones,54,Cainguás,54014,230,160,72,450
712,poroto,1977,1977/1978,Misiones,54,Candelaria,54021,60,50,25,500
713,poroto,1977,1977/1978,Misiones,54,Capital,54028,20,15,8,533
714,poroto,1977,1977/1978,Misiones,54,Concepción,54035,30,24,11,458
715,poroto,1977,1977/1978,Misiones,54,Eldorado,54042,80,65,26,400
716,poroto,1977,1977/1978,Misiones,54,General Manuel Belgrano,54049,300,220,88,400
717,poroto,1977,1977/1978,Misiones,54,Guaraní,54056,800,732,308,421
718,poroto,1977,1977/1978,Misiones,54,Iguazú,54063,150,80,32,400
719,poroto,1977,1977/1978,Misiones,54,Leandro N. Alem,54070,70,55,28,509
720,poroto,1977,1977/1978,Misiones,54,Libertador General San Martín,54077,60,50,25,500
721,poroto,1977,1977/1978,Misiones,54,Montecarlo,54084,60,50,23,460
722,poroto,1977,1977/1978,Misiones,54,Oberá,54091,170,100,50,500
723,poroto,1977,1977/1978,Misiones,54,San Ignacio,54098,120,102,41,402
724,poroto,1977,1977/1978,Misiones,54,San Javier,54105,110,95,38,400
725,poroto,1977,1977/1978,Misiones,54,San Pedro,54112,170,100,40,400
726,poroto,1977,1977/1978,Salta,66,Anta,66007,9000,8500,8700,1024
727,poroto,1977,1977/1978,Salta,66,Cachi,66014,200,200,200,1000
728,poroto,1977,1977/1978,Salta,66,Cafayate,66021,50,50,40,800
729,poroto,1977,1977/1978,Salta,66,Capital,66028,500,500,450,900
730,poroto,1977,1977/1978,Salta,66,Cerrillos,66035,2300,1950,1760,903
731,poroto,1977,1977/1978,Salta,66,Chicoana,66042,1050,1050,915,871
732,poroto,1977,1977/1978,Salta,66,General Güemes,66049,1300,1300,1360,1046
733,poroto,1977,1977/1978,Salta,66,General José de San Martín,66056,6300,5900,7000,1186
734,poroto,1977,1977/1978,Salta,66,Guachipas,66063,30,30,25,833
735,poroto,1977,1977/1978,Salta,66,La Candelaria,66084,6400,5600,5600,1000
736,poroto,1977,1977/1978,Salta,66,La Viña,66098,650,650,570,877
737,poroto,1977,1977/1978,Salta,66,Metán,66112,30100,27100,27000,996
738,poroto,1977,1977/1978,Salta,66,Molinos,66119,80,80,80,1000
739,poroto,1977,1977/1978,Salta,66,Orán,66126,3640,3300,3200,970
740,poroto,1977,1977/1978,Salta,66,Rosario de la Frontera,66140,39000,34700,33000,951
741,poroto,1977,1977/1978,Salta,66,Rosario de Lerma,66147,1400,1290,1100,853
742,poroto,1977,1977/1978,San Juan,70,25 de Mayo,70126,5,5,7,1400
743,poroto,1977,1977/1978,San Juan,70,9 de Julio,70063,5,5,7,1400
744,poroto,1977,1977/1978,San Juan,70,Albardón,70007,5,5,7,1400
745,poroto,1977,1977/1978,San Juan,70,Caucete,70035,5,5,7,1400
746,poroto,1977,1977/1978,San Juan,70,Chimbas,70042,8,8,11,1375
747,poroto,1977,1977/1978,San Juan,70,Iglesia,70049,50,50,70,1400
748,poroto,1977,1977/1978,San Juan,70,Pocito,70070,20,20,28,1400
749,poroto,1977,1977/1978,San Juan,70,Rawson,70077,64,64,88,1375
750,poroto,1977,1977/1978,San Juan,70,San Martín,70091,5,5,7,1400
751,poroto,1977,1977/1978,San Juan,70,Santa Lucía,70098,5,5,7,1400
752,poroto,1977,1977/1978,San Juan,70,Valle Fértil,70119,5,5,7,1400
753,poroto,1977,1977/1978,San Juan,70,Zonda,70133,3,3,4,1333
754,poroto,1977,1977/1978,San Luis,74,Ayacucho,74007,16,16,13,813
755,poroto,1977,1977/1978,San Luis,74,Belgrano,74014,1,1,1,1000
756,poroto,1977,1977/1978,San Luis,74,Chacabuco,74028,5,5,4,800
757,poroto,1977,1977/1978,San Luis,74,Coronel Pringles,74021,5,5,4,800
758,poroto,1977,1977/1978,San Luis,74,General Pedernera,74035,9,9,7,778
759,poroto,1977,1977/1978,San Luis,74,Juan Martín de Pueyrredón,74056,8,8,6,750
760,poroto,1977,1977/1978,San Luis,74,Junín,74049,6,6,5,833
761,poroto,1977,1977/1978,Santiago del Estero,86,Copo,86056,1000,1000,1000,1000
762,poroto,1977,1977/1978,Santiago del Estero,86,Jiménez,86091,2000,2000,2000,1000
763,poroto,1977,1977/1978,Santiago del Estero,86,Pellegrini,86133,16000,16000,16200,1013
764,poroto,1977,1977/1978,Tucumán,90,Burruyacú,90007,6000,5400,5400,1000
765,poroto,1977,1977/1978,Tucumán,90,Cruz Alta,90014,2500,2300,2300,1000
766,poroto,1977,1977/1978,Tucumán,90,Graneros,90035,3000,2900,2900,1000
767,poroto,1977,1977/1978,Tucumán,90,Leales,90056,1000,900,900,1000
768,poroto,1977,1977/1978,Tucumán,90,Río Chico,90077,500,500,500,1000
769,poroto,1977,1977/1978,Tucumán,90,Trancas,90112,2000,2000,2000,1000
770,poroto,1978,1978/1979,Buenos Aires,6,General Rodríguez,6364,10,5,4,800
771,poroto,1978,1978/1979,Buenos Aires,6,Luján,6497,10,5,4,800
772,poroto,1978,1978/1979,Buenos Aires,6,Mercedes,6532,80,60,52,867
773,poroto,1978,1978/1979,Catamarca,10,Ambato,10007,50,50,65,1300
774,poroto,1978,1978/1979,Catamarca,10,Belén,10035,300,300,390,1300
775,poroto,1978,1978/1979,Catamarca,10,Capayán,10042,40,40,52,1300
776,poroto,1978,1978/1979,Catamarca,10,El Alto,10056,30,30,36,1200
777,poroto,1978,1978/1979,Catamarca,10,Santa Rosa,10098,1310,1280,1157,904
778,poroto,1978,1978/1979,Chaco,22,Almirante Brown,22007,40,30,20,667
779,poroto,1978,1978/1979,Córdoba,14,Cruz del Eje,14028,1200,1200,1160,967
780,poroto,1978,1978/1979,Córdoba,14,Santa María,14147,5500,5500,5840,1062
781,poroto,1978,1978/1979,Formosa,34,Formosa,34014,15,15,15,1000
782,poroto,1978,1978/1979,Formosa,34,Laishí,34021,60,60,72,1200
783,poroto,1978,1978/1979,Formosa,34,Patiño,34035,50,50,60,1200
784,poroto,1978,1978/1979,Formosa,34,Pilagás,34042,40,40,58,1450
785,poroto,1978,1978/1979,Formosa,34,Pilcomayo,34049,85,85,110,1294
786,poroto,1978,1978/1979,Formosa,34,Pirané,34056,50,50,65,1300
787,poroto,1978,1978/1979,Jujuy,38,El Carmen,38014,820,820,820,1000
788,poroto,1978,1978/1979,Jujuy,38,Ledesma,38035,230,230,207,900
789,poroto,1978,1978/1979,Jujuy,38,San Pedro,38063,1470,1470,1617,1100
790,poroto,1978,1978/1979,Jujuy,38,Santa Bárbara,38070,3080,3080,3356,1090
791,poroto,1978,1978/1979,Mendoza,50,General Alvear,50014,23,23,23,1000
792,poroto,1978,1978/1979,Mendoza,50,Junín,50035,1,1,1,1000
793,poroto,1978,1978/1979,Mendoza,50,Luján de Cuyo,50063,12,12,18,1500
794,poroto,1978,1978/1979,Mendoza,50,Maipú,50070,5,5,6,1200
795,poroto,1978,1978/1979,Mendoza,50,Rivadavia,50084,2,2,2,1000
796,poroto,1978,1978/1979,Mendoza,50,San Carlos,50091,12,12,18,1500
797,poroto,1978,1978/1979,Mendoza,50,San Martín,50098,5,5,6,1200
798,poroto,1978,1978/1979,Mendoza,50,San Rafael,50105,85,80,85,1063
799,poroto,1978,1978/1979,Mendoza,50,Tunuyán,50119,18,18,24,1333
800,poroto,1978,1978/1979,Mendoza,50,Tupungato,50126,47,42,47,1119
801,poroto,1978,1978/1979,Misiones,54,25 de Mayo,54119,255,241,100,415
802,poroto,1978,1978/1979,Misiones,54,Apóstoles,54007,35,32,16,500
803,poroto,1978,1978/1979,Misiones,54,Cainguás,54014,160,150,60,400
804,poroto,1978,1978/1979,Misiones,54,Candelaria,54021,60,55,22,400
805,poroto,1978,1978/1979,Misiones,54,Capital,54028,20,18,7,389
806,poroto,1978,1978/1979,Misiones,54,Concepción,54035,30,27,11,407
807,poroto,1978,1978/1979,Misiones,54,Eldorado,54042,70,65,33,508
808,poroto,1978,1978/1979,Misiones,54,General Manuel Belgrano,54049,250,245,120,490
809,poroto,1978,1978/1979,Misiones,54,Guaraní,54056,800,780,380,487
810,poroto,1978,1978/1979,Misiones,54,Iguazú,54063,100,95,38,400
811,poroto,1978,1978/1979,Misiones,54,Leandro N. Alem,54070,70,65,26,400
812,poroto,1978,1978/1979,Misiones,54,Libertador General San Martín,54077,60,55,22,400
813,poroto,1978,1978/1979,Misiones,54,Montecarlo,54084,60,57,29,509
814,poroto,1978,1978/1979,Misiones,54,Oberá,54091,110,100,50,500
815,poroto,1978,1978/1979,Misiones,54,San Ignacio,54098,120,115,46,400
816,poroto,1978,1978/1979,Misiones,54,San Javier,54105,100,95,38,400
817,poroto,1978,1978/1979,Misiones,54,San Pedro,54112,110,105,42,400
818,poroto,1978,1978/1979,Salta,66,Anta,66007,29250,29250,27920,955
819,poroto,1978,1978/1979,Salta,66,Cachi,66014,350,350,385,1100
820,poroto,1978,1978/1979,Salta,66,Cafayate,66021,50,50,50,1000
821,poroto,1978,1978/1979,Salta,66,Cerrillos,66035,6511,6511,5536,850
822,poroto,1978,1978/1979,Salta,66,Chicoana,66042,1690,1590,1282,806
823,poroto,1978,1978/1979,Salta,66,General Güemes,66049,4758,4758,4324,909
824,poroto,1978,1978/1979,Salta,66,General José de San Martín,66056,13950,13950,14145,1014
825,poroto,1978,1978/1979,Salta,66,Guachipas,66063,89,89,72,809
826,poroto,1978,1978/1979,Salta,66,La Caldera,66077,1600,1600,1300,813
827,poroto,1978,1978/1979,Salta,66,La Candelaria,66084,8522,8522,7730,907
828,poroto,1978,1978/1979,Salta,66,La Poma,66091,40,40,44,1100
829,poroto,1978,1978/1979,Salta,66,La Viña,66098,1660,1660,1200,723
830,poroto,1978,1978/1979,Salta,66,Metán,66112,34850,34850,32000,918
831,poroto,1978,1978/1979,Salta,66,Molinos,66119,150,150,165,1100
832,poroto,1978,1978/1979,Salta,66,Orán,66126,7050,7050,7100,1007
833,poroto,1978,1978/1979,Salta,66,Rosario de la Frontera,66140,42620,42620,39627,930
834,poroto,1978,1978/1979,Salta,66,Rosario de Lerma,66147,160,160,120,750
835,poroto,1978,1978/1979,San Juan,70,25 de Mayo,70126,5,5,7,1400
836,poroto,1978,1978/1979,San Juan,70,9 de Julio,70063,5,5,7,1400
837,poroto,1978,1978/1979,San Juan,70,Albardón,70007,5,5,7,1400
838,poroto,1978,1978/1979,San Juan,70,Caucete,70035,5,5,7,1400
839,poroto,1978,1978/1979,San Juan,70,Chimbas,70042,8,8,11,1375
840,poroto,1978,1978/1979,San Juan,70,Iglesia,70049,50,50,75,1500
841,poroto,1978,1978/1979,San Juan,70,Pocito,70070,15,15,21,1400
842,poroto,1978,1978/1979,San Juan,70,Rawson,70077,47,47,71,1511
843,poroto,1978,1978/1979,San Juan,70,Santa Lucía,70098,5,5,7,1400
844,poroto,1978,1978/1979,San Juan,70,Valle Fértil,70119,5,5,7,1400
845,poroto,1978,1978/1979,San Luis,74,Ayacucho,74007,16,12,12,1000
846,poroto,1978,1978/1979,San Luis,74,Belgrano,74014,2,2,2,1000
847,poroto,1978,1978/1979,San Luis,74,Chacabuco,74028,7,7,7,1000
848,poroto,1978,1978/1979,San Luis,74,Coronel Pringles,74021,6,5,5,1000
849,poroto,1978,1978/1979,San Luis,74,General Pedernera,74035,12,9,9,1000
850,poroto,1978,1978/1979,San Luis,74,Juan Martín de Pueyrredón,74056,10,9,9,1000
851,poroto,1978,1978/1979,San Luis,74,Junín,74049,7,6,6,1000
852,poroto,1978,1978/1979,Santiago del Estero,86,Choya,86063,1500,1500,1730,1153
853,poroto,1978,1978/1979,Santiago del Estero,86,Copo,86056,300,300,370,1233
854,poroto,1978,1978/1979,Santiago del Estero,86,Guasayán,86084,2500,2000,2600,1300
855,poroto,1978,1978/1979,Santiago del Estero,86,Jiménez,86091,11500,11000,14700,1336
856,poroto,1978,1978/1979,Santiago del Estero,86,Pellegrini,86133,22000,21200,28600,1349
857,poroto,1978,1978/1979,Tucumán,90,Burruyacú,90007,12923,11611,13057,1125
858,poroto,1978,1978/1979,Tucumán,90,Cruz Alta,90014,3018,2758,3095,1122
859,poroto,1978,1978/1979,Tucumán,90,Graneros,90035,3460,3284,3546,1080
860,poroto,1978,1978/1979,Tucumán,90,Leales,90056,2651,2210,2456,1111
861,poroto,1978,1978/1979,Tucumán,90,Trancas,90112,5548,5137,5146,1002
862,poroto,1979,1979/1980,Buenos Aires,6,General Rodríguez,6364,10,10,8,800
863,poroto,1979,1979/1980,Buenos Aires,6,Luján,6497,10,10,8,800
864,poroto,1979,1979/1980,Buenos Aires,6,Mercedes,6532,80,80,64,800
865,poroto,1979,1979/1980,Catamarca,10,Ambato,10007,60,30,30,1000
866,poroto,1979,1979/1980,Catamarca,10,Belén,10035,300,200,200,1000
867,poroto,1979,1979/1980,Catamarca,10,Capayán,10042,30,20,20,1000
868,poroto,1979,1979/1980,Catamarca,10,El Alto,10056,50,40,32,800
869,poroto,1979,1979/1980,Catamarca,10,Santa Rosa,10098,2560,2210,1618,732
870,poroto,1979,1979/1980,Córdoba,14,Cruz del Eje,14028,150,150,138,920
871,poroto,1979,1979/1980,Córdoba,14,Santa María,14147,4000,4000,4262,1066
872,poroto,1979,1979/1980,Formosa,34,Formosa,34014,15,15,18,1200
873,poroto,1979,1979/1980,Formosa,34,Laishí,34021,50,50,70,1400
874,poroto,1979,1979/1980,Formosa,34,Patiño,34035,40,40,56,1400
875,poroto,1979,1979/1980,Formosa,34,Pilagás,34042,60,60,96,1600
876,poroto,1979,1979/1980,Formosa,34,Pilcomayo,34049,65,65,100,1538
877,poroto,1979,1979/1980,Formosa,34,Pirané,34056,50,50,80,1600
878,poroto,1979,1979/1980,Jujuy,38,El Carmen,38014,1150,1050,945,900
879,poroto,1979,1979/1980,Jujuy,38,Ledesma,38035,450,385,251,652
880,poroto,1979,1979/1980,Jujuy,38,San Pedro,38063,4950,4365,3849,882
881,poroto,1979,1979/1980,Jujuy,38,Santa Bárbara,38070,4750,4400,4355,990
882,poroto,1979,1979/1980,Mendoza,50,General Alvear,50014,20,20,16,800
883,poroto,1979,1979/1980,Mendoza,50,Luján de Cuyo,50063,10,10,10,1000
884,poroto,1979,1979/1980,Mendoza,50,San Carlos,50091,10,10,9,900
885,poroto,1979,1979/1980,Mendoza,50,San Martín,50098,3,3,3,1000
886,poroto,1979,1979/1980,Mendoza,50,San Rafael,50105,70,70,65,929
887,poroto,1979,1979/1980,Mendoza,50,Tunuyán,50119,12,12,12,1000
888,poroto,1979,1979/1980,Mendoza,50,Tupungato,50126,25,25,25,1000
889,poroto,1979,1979/1980,Misiones,54,25 de Mayo,54119,300,300,280,933
890,poroto,1979,1979/1980,Misiones,54,Apóstoles,54007,42,42,34,810
891,poroto,1979,1979/1980,Misiones,54,Cainguás,54014,165,165,149,903
892,poroto,1979,1979/1980,Misiones,54,Candelaria,54021,80,80,72,900
893,poroto,1979,1979/1980,Misiones,54,Capital,54028,20,20,16,800
894,poroto,1979,1979/1980,Misiones,54,Concepción,54035,35,35,30,857
895,poroto,1979,1979/1980,Misiones,54,Eldorado,54042,120,120,108,900
896,poroto,1979,1979/1980,Misiones,54,General Manuel Belgrano,54049,400,400,382,955
897,poroto,1979,1979/1980,Misiones,54,Guaraní,54056,1203,1203,1270,1056
898,poroto,1979,1979/1980,Misiones,54,Iguazú,54063,130,130,110,846
899,poroto,1979,1979/1980,Misiones,54,Leandro N. Alem,54070,90,90,81,900
900,poroto,1979,1979/1980,Misiones,54,Libertador General San Martín,54077,60,60,48,800
901,poroto,1979,1979/1980,Misiones,54,Montecarlo,54084,75,75,64,853
902,poroto,1979,1979/1980,Misiones,54,Oberá,54091,130,130,117,900
903,poroto,1979,1979/1980,Misiones,54,San Ignacio,54098,130,130,117,900
904,poroto,1979,1979/1980,Misiones,54,San Javier,54105,200,200,178,890
905,poroto,1979,1979/1980,Misiones,54,San Pedro,54112,180,180,144,800
906,poroto,1979,1979/1980,Salta,66,Anta,66007,36400,33600,24240,721
907,poroto,1979,1979/1980,Salta,66,Cachi,66014,350,350,350,1000
908,poroto,1979,1979/1980,Salta,66,Cafayate,66021,10,10,9,900
909,poroto,1979,1979/1980,Salta,66,Capital,66028,1650,1550,1265,816
910,poroto,1979,1979/1980,Salta,66,Cerrillos,66035,5000,4700,4230,900
911,poroto,1979,1979/1980,Salta,66,Chicoana,66042,900,850,622,732
912,poroto,1979,1979/1980,Salta,66,General Güemes,66049,3350,2950,2360,800
913,poroto,1979,1979/1980,Salta,66,General José de San Martín,66056,19250,16150,11300,700
914,poroto,1979,1979/1980,Salta,66,Guachipas,66063,100,100,70,700
915,poroto,1979,1979/1980,Salta,66,La Candelaria,66084,7450,6900,4430,642
916,poroto,1979,1979/1980,Salta,66,La Poma,66091,50,50,45,900
917,poroto,1979,1979/1980,Salta,66,La Viña,66098,1900,1190,816,686
918,poroto,1979,1979/1980,Salta,66,Metán,66112,28400,25900,18977,733
919,poroto,1979,1979/1980,Salta,66,Molinos,66119,150,150,150,1000
920,poroto,1979,1979/1980,Salta,66,Orán,66126,12700,10650,7727,726
921,poroto,1979,1979/1980,Salta,66,Rosario de la Frontera,66140,39740,35950,21404,595
922,poroto,1979,1979/1980,Salta,66,Rosario de Lerma,66147,200,150,105,700
923,poroto,1979,1979/1980,San Juan,70,25 de Mayo,70126,3,3,3,1000
924,poroto,1979,1979/1980,San Juan,70,9 de Julio,70063,3,3,3,1000
925,poroto,1979,1979/1980,San Juan,70,Albardón,70007,5,5,4,800
926,poroto,1979,1979/1980,San Juan,70,Caucete,70035,5,5,4,800
927,poroto,1979,1979/1980,San Juan,70,Chimbas,70042,3,3,3,1000
928,poroto,1979,1979/1980,San Juan,70,Iglesia,70049,46,46,41,891
929,poroto,1979,1979/1980,San Juan,70,Pocito,70070,10,10,9,900
930,poroto,1979,1979/1980,San Juan,70,Rawson,70077,30,30,28,933
931,poroto,1979,1979/1980,San Juan,70,Santa Lucía,70098,2,2,2,1000
932,poroto,1979,1979/1980,San Juan,70,Valle Fértil,70119,3,3,3,1000
933,poroto,1979,1979/1980,San Luis,74,Ayacucho,74007,17,17,21,1235
934,poroto,1979,1979/1980,San Luis,74,Belgrano,74014,2,2,2,1000
935,poroto,1979,1979/1980,San Luis,74,Chacabuco,74028,5,5,6,1200
936,poroto,1979,1979/1980,San Luis,74,Coronel Pringles,74021,5,5,6,1200
937,poroto,1979,1979/1980,San Luis,74,General Pedernera,74035,8,8,9,1125
938,poroto,1979,1979/1980,San Luis,74,Juan Martín de Pueyrredón,74056,8,8,10,1250
939,poroto,1979,1979/1980,San Luis,74,Junín,74049,5,5,6,1200
940,poroto,1979,1979/1980,Santiago del Estero,86,Banda,86035,2250,2250,1125,500
941,poroto,1979,1979/1980,Santiago del Estero,86,Choya,86063,480,400,221,553
942,poroto,1979,1979/1980,Santiago del Estero,86,Copo,86056,128,128,100,781
943,poroto,1979,1979/1980,Santiago del Estero,86,Guasayán,86084,120,120,60,500
944,poroto,1979,1979/1980,Santiago del Estero,86,Jiménez,86091,11673,10069,6566,652
945,poroto,1979,1979/1980,Santiago del Estero,86,Juan F. Ibarra,86098,300,300,150,500
946,poroto,1979,1979/1980,Santiago del Estero,86,Pellegrini,86133,25579,21393,13791,645
947,poroto,1979,1979/1980,Santiago del Estero,86,Río Hondo,86147,370,240,187,779
948,poroto,1979,1979/1980,Tucumán,90,Burruyacú,90007,12098,4620,3565,772
949,poroto,1979,1979/1980,Tucumán,90,Cruz Alta,90014,1407,522,388,743
950,poroto,1979,1979/1980,Tucumán,90,Graneros,90035,2358,964,744,772
951,poroto,1979,1979/1980,Tucumán,90,Leales,90056,2877,1044,771,739
952,poroto,1979,1979/1980,Tucumán,90,Trancas,90112,3260,850,532,626
953,poroto,1980,1980/1981,Buenos Aires,6,Mercedes,6532,90,90,75,833
954,poroto,1980,1980/1981,Catamarca,10,Ambato,10007,10,10,10,1000
955,poroto,1980,1980/1981,Catamarca,10,Belén,10035,290,290,290,1000
956,poroto,1980,1980/1981,Catamarca,10,Capayán,10042,20,20,20,1000
957,poroto,1980,1980/1981,Catamarca,10,El Alto,10056,80,80,80,1000
958,poroto,1980,1980/1981,Catamarca,10,Santa Rosa,10098,2800,2800,2800,1000
959,poroto,1980,1980/1981,Córdoba,14,Cruz del Eje,14028,1300,1300,1300,1000
960,poroto,1980,1980/1981,Córdoba,14,Santa María,14147,3200,3200,3200,1000
961,poroto,1980,1980/1981,Córdoba,14,Tercero Arriba,14161,500,500,500,1000
962,poroto,1980,1980/1981,Formosa,34,Formosa,34014,10,10,12,1200
963,poroto,1980,1980/1981,Formosa,34,Laishí,34021,40,29,42,1448
964,poroto,1980,1980/1981,Formosa,34,Patiño,34035,25,25,31,1240
965,poroto,1980,1980/1981,Formosa,34,Pilagás,34042,40,30,44,1467
966,poroto,1980,1980/1981,Formosa,34,Pilcomayo,34049,50,34,49,1441
967,poroto,1980,1980/1981,Formosa,34,Pirané,34056,50,33,42,1273
968,poroto,1980,1980/1981,Jujuy,38,El Carmen,38014,700,700,710,1014
969,poroto,1980,1980/1981,Jujuy,38,Ledesma,38035,300,300,290,967
970,poroto,1980,1980/1981,Jujuy,38,San Pedro,38063,4000,4000,4540,1135
971,poroto,1980,1980/1981,Jujuy,38,Santa Bárbara,38070,4000,4000,4160,1040
972,poroto,1980,1980/1981,Mendoza,50,General Alvear,50014,30,30,30,1000
973,poroto,1980,1980/1981,Mendoza,50,Luján de Cuyo,50063,10,10,13,1300
974,poroto,1980,1980/1981,Mendoza,50,San Carlos,50091,283,283,425,1502
975,poroto,1980,1980/1981,Mendoza,50,San Martín,50098,4,4,4,1000
976,poroto,1980,1980/1981,Mendoza,50,San Rafael,50105,80,80,80,1000
977,poroto,1980,1980/1981,Mendoza,50,Tunuyán,50119,542,542,771,1423
978,poroto,1980,1980/1981,Mendoza,50,Tupungato,50126,451,451,677,1501
979,poroto,1980,1980/1981,Misiones,54,25 de Mayo,54119,330,321,255,794
980,poroto,1980,1980/1981,Misiones,54,Apóstoles,54007,40,38,34,895
981,poroto,1980,1980/1981,Misiones,54,Cainguás,54014,160,155,142,916
982,poroto,1980,1980/1981,Misiones,54,Candelaria,54021,70,68,66,971
983,poroto,1980,1980/1981,Misiones,54,Capital,54028,20,19,16,842
984,poroto,1980,1980/1981,Misiones,54,Concepción,54035,30,28,30,1071
985,poroto,1980,1980/1981,Misiones,54,Eldorado,54042,100,96,86,896
986,poroto,1980,1980/1981,Misiones,54,General Manuel Belgrano,54049,400,390,335,859
987,poroto,1980,1980/1981,Misiones,54,Guaraní,54056,1200,1178,1000,849
988,poroto,1980,1980/1981,Misiones,54,Iguazú,54063,120,115,105,913
989,poroto,1980,1980/1981,Misiones,54,Leandro N. Alem,54070,90,85,79,929
990,poroto,1980,1980/1981,Misiones,54,Libertador General San Martín,54077,60,55,52,945
991,poroto,1980,1980/1981,Misiones,54,Montecarlo,54084,60,55,51,927
992,poroto,1980,1980/1981,Misiones,54,Oberá,54091,120,115,104,904
993,poroto,1980,1980/1981,Misiones,54,San Ignacio,54098,120,115,105,913
994,poroto,1980,1980/1981,Misiones,54,San Javier,54105,200,193,150,777
995,poroto,1980,1980/1981,Misiones,54,San Pedro,54112,180,174,130,747
996,poroto,1980,1980/1981,Salta,66,Anta,66007,37600,36350,43153,1187
997,poroto,1980,1980/1981,Salta,66,Cachi,66014,150,150,150,1000
998,poroto,1980,1980/1981,Salta,66,Capital,66028,1710,1710,1943,1136
999,poroto,1980,1980/1981,Salta,66,Cerrillos,66035,3300,3300,3440,1042
1000,poroto,1980,1980/1981,Salta,66,Chicoana,66042,250,250,230,920
